cluster,size,share,prob_median
-1,158,0.042347896006432593,0.0
0,600,0.16081479496113643,1.0
1,1450,0.388635754489413,1.0
2,1523,0.40820155454301793,1.0
