model,rmse,smape,n_eval
knn,20.36356934268495,0.48841889930189064,1964
elasticnet,36.73946546141276,1.1923012043400754,1964
