model,rmse,smape,n_eval
knn,17.077818543379337,0.5109657357281497,5830
elasticnet,32.55577904740178,1.2782190731583163,5830
